{
  "anomaly_rate": 0.001,
  "precision": 0.366667,
  "recall": 0.211538,
  "f1": 0.268293,
  "TP": 11,
  "FP": 19,
  "FN": 41,
  "TN": 29929,
  "accuracy": 0.998,
  "balanced_accuracy": 0.711221,
  "specificity": 0.999366,
  "roc_auc": 0.940823,
  "pr_auc": 0.147978,
  "mcc": 0.277566,
  "mean_anomaly_score": 0.143016,
  "best_threshold": 0.807782,
  "n_samples": 30000,
  "n_fraud": 52,
  "n_features": 33
}