{
  "anomaly_rate": 0.001,
  "precision": 0.366667,
  "recall": 0.211538,
  "f1": 0.268293,
  "TP": 11,
  "FP": 19,
  "FN": 41,
  "TN": 29929
}